"id";"url";"member_id"
30;"https://specialhaveit.s3.ap-northeast-2.amazonaws.com/photos/1/1696312048641.png";1
31;"https://specialhaveit.s3.ap-northeast-2.amazonaws.com/photos/1/1696312071658.png";1
32;"https://specialhaveit.s3.ap-northeast-2.amazonaws.com/photos/1/1696312073249.png";1
33;"https://specialhaveit.s3.ap-northeast-2.amazonaws.com/photos/1/1696312078165.png";1
34;"https://specialhaveit.s3.ap-northeast-2.amazonaws.com/photos/1/1696312079689.png";1
35;"https://specialhaveit.s3.ap-northeast-2.amazonaws.com/photos/1/1696312080693.png";1
36;"https://specialhaveit.s3.ap-northeast-2.amazonaws.com/photos/1/1696312081681.png";1
37;"https://specialhaveit.s3.ap-northeast-2.amazonaws.com/photos/1/1696312980287.png";1
38;"https://specialhaveit.s3.ap-northeast-2.amazonaws.com/photos/1/1696321637628.png";1
39;"https://specialhaveit.s3.ap-northeast-2.amazonaws.com/photos/1/1696321638043.png";1
40;"https://specialhaveit.s3.ap-northeast-2.amazonaws.com/photos/12/1696321638517.png";12
41;"https://specialhaveit.s3.ap-northeast-2.amazonaws.com/photos/12/1696321638663.png";12
42;"https://specialhaveit.s3.ap-northeast-2.amazonaws.com/photos/1/1696321643345.png";1
43;"https://specialhaveit.s3.ap-northeast-2.amazonaws.com/photos/1/1696321643666.png";1
44;"https://specialhaveit.s3.ap-northeast-2.amazonaws.com/photos/12/1696321722459.png";12
45;"https://specialhaveit.s3.ap-northeast-2.amazonaws.com/photos/12/1696321722566.png";12
46;"https://specialhaveit.s3.ap-northeast-2.amazonaws.com/photos/12/1696326236450.png";12
47;"https://specialhaveit.s3.ap-northeast-2.amazonaws.com/photos/12/1696326236544.png";12
48;"https://specialhaveit.s3.ap-northeast-2.amazonaws.com/photos/1/1696326282719.png";1
49;"https://specialhaveit.s3.ap-northeast-2.amazonaws.com/photos/12/1696368081890.png";12
50;"https://specialhaveit.s3.ap-northeast-2.amazonaws.com/photos/12/1696368081574.png";12
51;"https://specialhaveit.s3.ap-northeast-2.amazonaws.com/photos/1/1696368216185.png";1
52;"https://specialhaveit.s3.ap-northeast-2.amazonaws.com/photos/1/1696368216500.png";1
53;"https://specialhaveit.s3.ap-northeast-2.amazonaws.com/photos/1/1696370396669.png";1
54;"https://specialhaveit.s3.ap-northeast-2.amazonaws.com/photos/1/1696370402181.png";1
55;"https://specialhaveit.s3.ap-northeast-2.amazonaws.com/photos/1/1696370402897.png";1
56;"https://specialhaveit.s3.ap-northeast-2.amazonaws.com/photos/1/1696372196581.png";1
57;"https://specialhaveit.s3.ap-northeast-2.amazonaws.com/photos/1/1696387454186.png";1
58;"https://specialhaveit.s3.ap-northeast-2.amazonaws.com/photos/1/1696426194240.png";1
59;"https://specialhaveit.s3.ap-northeast-2.amazonaws.com/photos/1/1696426327826.png";1
60;"https://specialhaveit.s3.ap-northeast-2.amazonaws.com/photos/12/1696435003242.png";12
61;"https://specialhaveit.s3.ap-northeast-2.amazonaws.com/photos/1/1696448050364.png";1
62;"https://specialhaveit.s3.ap-northeast-2.amazonaws.com/photos/1/1696470463211.png";1
63;"https://specialhaveit.s3.ap-northeast-2.amazonaws.com/photos/1/1696474434737.png";1
64;"https://specialhaveit.s3.ap-northeast-2.amazonaws.com/photos/17/1696499783936.png";17
65;"https://specialhaveit.s3.ap-northeast-2.amazonaws.com/photos/11/1696502540567.png";11
